BAG_ID_Pand,status
0518100000203218,occur_both
0518100000203232,occur_both
0518100000203272,occur_both
0518100000203296,occur_both
0518100000203446,occur_both
0518100000203474,occur_both
0518100000203525,occur_both
0518100000203526,occur_both
0518100000203528,occur_both
0518100000203540,occur_both
0518100000203549,occur_both
0518100000203584,occur_both
0518100000203597,occur_both
0518100000203709,occur_both
0518100000203710,occur_both
0518100000203751,occur_both
0518100000203762,occur_both
0518100000203807,occur_both
0518100000203808,occur_both
0518100000203815,occur_both
0518100000203819,occur_both
0518100000203858,occur_both
0518100000203928,occur_both
0518100000203947,occur_both
0518100000203962,occur_both
0518100000203963,occur_both
0518100000203969,occur_both
0518100000203970,occur_both
0518100000203971,occur_both
0518100000203972,occur_both
0518100000204004,occur_both
0518100000204025,occur_both
0518100000204040,occur_both
0518100000204052,occur_both
0518100000204053,occur_both
0518100000204054,occur_both
0518100000204141,occur_both
0518100000204143,occur_both
0518100000204150,occur_both
0518100000204151,occur_both
0518100000204153,occur_both
0518100000204154,occur_both
0518100000204166,occur_both
0518100000204171,occur_both
0518100000204174,occur_both
0518100000204175,occur_both
0518100000204204,occur_both
0518100000204215,occur_both
0518100000204302,occur_both
0518100000204364,occur_both
0518100000204365,occur_both
0518100000204366,occur_both
0518100000204367,occur_both
0518100000204368,occur_both
0518100000204369,occur_both
0518100000204402,occur_both
0518100000204411,occur_both
0518100000204442,occur_both
0518100000204511,occur_both
0518100000204512,occur_both
0518100000204513,occur_both
0518100000204516,occur_both
0518100000204517,occur_both
0518100000204524,occur_both
0518100000204526,occur_both
0518100000204528,occur_both
0518100000204529,occur_both
0518100000204533,occur_both
0518100000204559,occur_both
0518100000204721,occur_both
0518100000204917,occur_both
0518100000205012,occur_both
0518100000205128,occur_both
0518100000205153,occur_both
0518100000205182,occur_both
0518100000205217,occur_both
0518100000205218,occur_both
0518100000205226,occur_both
0518100000205245,occur_both
0518100000205246,occur_both
0518100000205247,occur_both
0518100000205253,occur_both
0518100000205257,occur_both
0518100000205285,occur_both
0518100000205337,occur_both
0518100000205400,occur_both
0518100000205527,occur_both
0518100000205528,occur_both
0518100000205530,occur_both
0518100000205536,occur_both
0518100000205543,occur_both
0518100000205547,occur_both
0518100000205563,occur_both
0518100000205571,occur_both
0518100000205572,occur_both
0518100000205573,occur_both
0518100000205574,occur_both
0518100000205579,occur_both
0518100000205588,occur_both
0518100000205706,occur_both
0518100000205726,occur_both
0518100000205738,occur_both
0518100000205767,occur_both
0518100000205768,occur_both
0518100000205822,occur_both
0518100000205834,occur_both
0518100000205871,occur_both
0518100000205893,occur_both
0518100000205926,occur_both
0518100000205967,occur_both
0518100000205975,occur_both
0518100000205976,occur_both
0518100000206009,occur_both
0518100000206031,occur_both
0518100000206032,occur_both
0518100000206076,occur_both
0518100000206163,occur_both
0518100000206204,occur_both
0518100000206211,occur_both
0518100000206221,occur_both
0518100000206222,occur_both
0518100000206236,occur_both
0518100000206263,occur_both
0518100000206300,occur_both
0518100000206345,occur_both
0518100000206346,occur_both
0518100000206348,occur_both
0518100000206365,occur_both
0518100000206366,occur_both
0518100000206370,occur_both
0518100000206374,occur_both
0518100000206382,occur_both
0518100000206408,occur_both
0518100000206409,occur_both
0518100000206444,occur_both
0518100000206445,occur_both
0518100000206468,occur_both
0518100000206520,occur_both
0518100000206623,occur_both
0518100000206624,occur_both
0518100000206625,occur_both
0518100000206629,occur_both
0518100000206631,occur_both
0518100000206635,occur_both
0518100000206642,occur_both
0518100000206700,occur_both
0518100000206745,occur_both
0518100000206751,occur_both
0518100000206753,occur_both
0518100000206824,occur_both
0518100000206829,occur_both
0518100000206835,occur_both
0518100000206843,occur_both
0518100000206844,occur_both
0518100000206867,occur_both
0518100000206868,occur_both
0518100000206912,occur_both
0518100000207014,occur_both
0518100000207031,occur_both
0518100000207034,occur_both
0518100000207064,occur_both
0518100000207163,occur_both
0518100000207185,occur_both
0518100000207240,occur_both
0518100000207284,occur_both
0518100000207288,occur_both
0518100000207301,occur_both
0518100000207387,occur_both
0518100000207461,occur_both
0518100000207487,occur_both
0518100000207488,occur_both
0518100000207489,occur_both
0518100000207491,occur_both
0518100000207508,occur_both
0518100000207536,occur_both
0518100000207616,occur_both
0518100000207630,occur_both
0518100000207689,occur_both
0518100000207690,occur_both
0518100000207695,occur_both
0518100000207780,occur_both
0518100000208002,occur_both
0518100000208011,occur_both
0518100000208091,occur_both
0518100000208107,occur_both
0518100000208188,occur_both
0518100000208189,occur_both
0518100000208249,occur_both
0518100000208320,occur_both
0518100000208382,occur_both
0518100000208383,occur_both
0518100000208384,occur_both
0518100000208385,occur_both
0518100000208389,occur_both
0518100000208391,occur_both
0518100000208392,occur_both
0518100000208460,occur_both
0518100000208461,occur_both
0518100000208502,occur_both
0518100000208504,occur_both
0518100000208507,occur_both
0518100000208587,occur_both
0518100000208612,occur_both
0518100000208616,occur_both
0518100000208631,occur_both
0518100000208741,occur_both
0518100000208753,occur_both
0518100000208758,occur_both
0518100000208907,occur_both
0518100000208963,occur_both
0518100000208982,occur_both
0518100000208992,occur_both
0518100000208993,occur_both
0518100000209093,occur_both
0518100000209094,occur_both
0518100000209217,occur_both
0518100000209245,occur_both
0518100000209372,occur_both
0518100000209407,occur_both
0518100000209408,occur_both
0518100000209412,occur_both
0518100000209444,occur_both
0518100000209545,occur_both
0518100000209560,occur_both
0518100000209576,occur_both
0518100000209577,occur_both
0518100000209578,occur_both
0518100000209579,occur_both
0518100000209595,occur_both
0518100000209598,occur_both
0518100000209700,occur_both
0518100000209722,occur_both
0518100000209740,occur_both
0518100000209790,occur_both
0518100000209791,occur_both
0518100000209793,occur_both
0518100000209812,occur_both
0518100000209873,occur_both
0518100000209917,occur_both
0518100000209921,occur_both
0518100000209981,occur_both
0518100000210046,occur_both
0518100000210047,occur_both
0518100000210107,occur_both
0518100000210111,occur_both
0518100000210112,occur_both
0518100000210147,occur_both
0518100000210170,occur_both
0518100000210209,occur_both
0518100000210224,occur_both
0518100000210240,occur_both
0518100000210273,occur_both
0518100000210377,occur_both
0518100000210469,occur_both
0518100000210470,occur_both
0518100000210471,occur_both
0518100000210472,occur_both
0518100000210506,occur_both
0518100000210519,occur_both
0518100000210587,occur_both
0518100000210590,occur_both
0518100000210611,occur_both
0518100000210725,occur_both
0518100000210824,occur_both
0518100000210945,occur_both
0518100000210989,occur_both
0518100000210991,occur_both
0518100000211045,occur_both
0518100000211087,occur_both
0518100000211113,occur_both
0518100000211114,occur_both
0518100000211121,occur_both
0518100000211148,occur_both
0518100000211149,occur_both
0518100000211171,occur_both
0518100000211177,occur_both
0518100000211207,occur_both
0518100000211261,occur_both
0518100000211291,occur_both
0518100000211292,occur_both
0518100000211293,occur_both
0518100000211299,occur_both
0518100000211314,occur_both
0518100000211439,occur_both
0518100000211472,occur_both
0518100000211521,occur_both
0518100000211580,occur_both
0518100000211596,occur_both
0518100000211617,occur_both
0518100000211621,occur_both
0518100000211728,occur_both
0518100000211739,occur_both
0518100000211767,occur_both
0518100000211826,occur_both
0518100000211923,occur_both
0518100000211924,occur_both
0518100000211959,occur_both
0518100000211969,occur_both
0518100000211970,occur_both
0518100000212024,occur_both
0518100000212201,occur_both
0518100000212239,occur_both
0518100000212243,occur_both
0518100000212246,occur_both
0518100000212336,occur_both
0518100000212399,occur_both
0518100000212400,occur_both
0518100000212405,occur_both
0518100000212509,occur_both
0518100000212511,occur_both
0518100000212519,occur_both
0518100000212521,occur_both
0518100000212679,occur_both
0518100000212760,occur_both
0518100000212761,occur_both
0518100000212783,occur_both
0518100000212817,occur_both
0518100000212920,occur_both
0518100000212927,occur_both
0518100000212930,occur_both
0518100000212953,occur_both
0518100000213047,occur_both
0518100000213151,occur_both
0518100000213213,occur_both
0518100000213218,occur_both
0518100000213251,occur_both
0518100000213276,occur_both
0518100000213285,occur_both
0518100000213296,occur_both
0518100000213345,occur_both
0518100000213387,occur_both
0518100000213478,occur_both
0518100000213506,occur_both
0518100000213508,occur_both
0518100000213511,occur_both
0518100000213512,occur_both
0518100000213513,occur_both
0518100000213514,occur_both
0518100000213678,occur_both
0518100000213749,occur_both
0518100000213793,occur_both
0518100000213794,occur_both
0518100000213795,occur_both
0518100000213796,occur_both
0518100000213819,occur_both
0518100000213897,occur_both
0518100000213924,occur_both
0518100000214055,occur_both
0518100000214056,occur_both
0518100000214066,occur_both
0518100000214132,occur_both
0518100000214140,occur_both
0518100000214241,occur_both
0518100000214271,occur_both
0518100000214272,occur_both
0518100000214581,occur_both
0518100000214607,occur_both
0518100000214608,occur_both
0518100000214609,occur_both
0518100000214612,occur_both
0518100000214623,occur_both
0518100000214624,occur_both
0518100000214664,occur_both
0518100000214741,occur_both
0518100000214752,occur_both
0518100000214754,occur_both
0518100000214804,occur_both
0518100000214806,occur_both
0518100000214807,occur_both
0518100000214808,occur_both
0518100000214809,occur_both
0518100000214813,occur_both
0518100000214867,occur_both
0518100000214881,occur_both
0518100000214886,occur_both
0518100000214890,occur_both
0518100000214896,occur_both
0518100000214907,occur_both
0518100000214914,occur_both
0518100000214938,occur_both
0518100000214978,occur_both
0518100000215100,occur_both
0518100000215101,occur_both
0518100000215106,occur_both
0518100000215254,occur_both
0518100000215255,occur_both
0518100000215266,occur_both
0518100000215268,occur_both
0518100000215302,occur_both
0518100000215303,occur_both
0518100000215352,occur_both
0518100000215358,occur_both
0518100000215368,occur_both
0518100000215372,occur_both
0518100000215373,occur_both
0518100000215377,occur_both
0518100000215417,occur_both
0518100000215439,occur_both
0518100000215452,occur_both
0518100000215524,occur_both
0518100000215525,occur_both
0518100000215526,occur_both
0518100000215554,occur_both
0518100000215651,occur_both
0518100000215669,occur_both
0518100000215724,occur_both
0518100000215760,occur_both
0518100000215764,occur_both
0518100000215794,occur_both
0518100000215795,occur_both
0518100000215841,occur_both
0518100000215846,occur_both
0518100000215847,occur_both
0518100000215849,occur_both
0518100000215873,occur_both
0518100000215936,occur_both
0518100000215942,occur_both
0518100000215943,occur_both
0518100000215960,occur_both
0518100000216023,occur_both
0518100000216157,occur_both
0518100000216184,occur_both
0518100000216188,occur_both
0518100000216189,occur_both
0518100000216191,occur_both
0518100000216228,occur_both
0518100000216240,occur_both
0518100000216241,occur_both
0518100000216244,occur_both
0518100000216276,occur_both
0518100000216278,occur_both
0518100000216284,occur_both
0518100000216288,occur_both
0518100000216290,occur_both
0518100000216352,occur_both
0518100000216353,occur_both
0518100000216439,occur_both
0518100000216440,occur_both
0518100000216442,occur_both
0518100000216482,occur_both
0518100000216523,occur_both
0518100000216550,occur_both
0518100000216597,occur_both
0518100000216619,occur_both
0518100000216644,occur_both
0518100000216645,occur_both
0518100000216734,occur_both
0518100000216740,occur_both
0518100000216753,occur_both
0518100000216774,occur_both
0518100000216789,occur_both
0518100000216879,occur_both
0518100000216892,occur_both
0518100000216893,occur_both
0518100000216894,occur_both
0518100000216895,occur_both
0518100000216944,occur_both
0518100000216948,occur_both
0518100000216961,occur_both
0518100000216995,occur_both
0518100000217004,occur_both
0518100000217048,occur_both
0518100000217088,occur_both
0518100000217093,occur_both
0518100000217151,occur_both
0518100000217152,occur_both
0518100000217192,occur_both
0518100000217225,occur_both
0518100000217237,occur_both
0518100000217295,occur_both
0518100000217306,occur_both
0518100000217355,occur_both
0518100000217361,occur_both
0518100000217381,occur_both
0518100000217393,occur_both
0518100000217441,occur_both
0518100000217447,occur_both
0518100000217505,occur_both
0518100000217509,occur_both
0518100000217583,occur_both
0518100000217661,occur_both
0518100000217755,occur_both
0518100000217757,occur_both
0518100000217793,occur_both
0518100000217796,occur_both
0518100000217844,occur_both
0518100000217846,occur_both
0518100000217882,occur_both
0518100000218001,occur_both
0518100000218125,occur_both
0518100000218128,occur_both
0518100000218138,occur_both
0518100000218165,occur_both
0518100000218187,occur_both
0518100000218209,occur_both
0518100000218220,occur_both
0518100000218221,occur_both
0518100000218222,occur_both
0518100000218227,occur_both
0518100000218237,occur_both
0518100000218376,occur_both
0518100000218377,occur_both
0518100000218390,occur_both
0518100000218391,occur_both
0518100000218395,occur_both
0518100000218407,occur_both
0518100000218410,occur_both
0518100000218419,occur_both
0518100000218616,occur_both
0518100000218642,occur_both
0518100000218692,occur_both
0518100000218693,occur_both
0518100000218694,occur_both
0518100000218697,occur_both
0518100000218716,occur_both
0518100000218718,occur_both
0518100000218737,occur_both
0518100000218823,occur_both
0518100000218843,occur_both
0518100000218918,occur_both
0518100000219106,occur_both
0518100000219137,occur_both
0518100000219150,occur_both
0518100000219160,occur_both
0518100000219162,occur_both
0518100000219165,occur_both
0518100000219196,occur_both
0518100000219217,occur_both
0518100000219220,occur_both
0518100000219221,occur_both
0518100000219234,occur_both
0518100000219321,occur_both
0518100000219507,occur_both
0518100000219541,occur_both
0518100000219544,occur_both
0518100000219557,occur_both
0518100000219585,occur_both
0518100000219614,occur_both
0518100000219615,occur_both
0518100000219648,occur_both
0518100000219649,occur_both
0518100000219653,occur_both
0518100000219685,occur_both
0518100000219766,occur_both
0518100000219767,occur_both
0518100000219788,occur_both
0518100000219929,occur_both
0518100000219932,occur_both
0518100000219973,occur_both
0518100000220009,occur_both
0518100000220010,occur_both
0518100000220021,occur_both
0518100000220022,occur_both
0518100000220049,occur_both
0518100000220081,occur_both
0518100000220082,occur_both
0518100000220086,occur_both
0518100000220088,occur_both
0518100000220089,occur_both
0518100000220090,occur_both
0518100000220091,occur_both
0518100000220092,occur_both
0518100000220102,occur_both
0518100000220227,occur_both
0518100000220228,occur_both
0518100000220230,occur_both
0518100000220264,occur_both
0518100000220265,occur_both
0518100000220327,occur_both
0518100000220332,occur_both
0518100000220333,occur_both
0518100000220335,occur_both
0518100000220383,occur_both
0518100000220384,occur_both
0518100000220435,occur_both
0518100000220580,occur_both
0518100000220696,occur_both
0518100000220818,occur_both
0518100000220831,occur_both
0518100000220852,occur_both
0518100000220871,occur_both
0518100000220939,occur_both
0518100000220950,occur_both
0518100000220963,occur_both
0518100000220965,occur_both
0518100000221076,occur_both
0518100000221241,occur_both
0518100000221266,occur_both
0518100000221281,occur_both
0518100000221328,occur_both
0518100000221393,occur_both
0518100000221448,occur_both
0518100000221463,occur_both
0518100000221470,occur_both
0518100000221538,occur_both
0518100000221571,occur_both
0518100000221706,occur_both
0518100000221723,occur_both
0518100000221770,occur_both
0518100000221771,occur_both
0518100000221789,occur_both
0518100000221792,occur_both
0518100000221820,occur_both
0518100000221827,occur_both
0518100000221876,occur_both
0518100000221915,occur_both
0518100000221970,occur_both
0518100000221989,occur_both
0518100000222035,occur_both
0518100000222041,occur_both
0518100000222067,occur_both
0518100000222068,occur_both
0518100000222074,occur_both
0518100000222090,occur_both
0518100000222091,occur_both
0518100000222178,occur_both
0518100000222192,occur_both
0518100000222242,occur_both
0518100000222280,occur_both
0518100000222421,occur_both
0518100000222425,occur_both
0518100000222432,occur_both
0518100000222433,occur_both
0518100000222478,occur_both
0518100000222479,occur_both
0518100000222484,occur_both
0518100000222512,occur_both
0518100000222522,occur_both
0518100000222523,occur_both
0518100000222527,occur_both
0518100000222550,occur_both
0518100000222554,occur_both
0518100000222616,occur_both
0518100000222629,occur_both
0518100000222711,occur_both
0518100000222714,occur_both
0518100000222887,occur_both
0518100000222889,occur_both
0518100000222920,occur_both
0518100000222949,occur_both
0518100000222960,occur_both
0518100000222963,occur_both
0518100000222999,occur_both
0518100000223008,occur_both
0518100000223048,occur_both
0518100000223049,occur_both
0518100000223051,occur_both
0518100000223057,occur_both
0518100000223064,occur_both
0518100000223066,occur_both
0518100000223205,occur_both
0518100000223214,occur_both
0518100000223303,occur_both
0518100000223308,occur_both
0518100000223376,occur_both
0518100000223380,occur_both
0518100000223502,occur_both
0518100000223505,occur_both
0518100000223574,occur_both
0518100000223576,occur_both
0518100000223716,occur_both
0518100000223718,occur_both
0518100000223726,occur_both
0518100000223815,occur_both
0518100000223841,occur_both
0518100000223842,occur_both
0518100000223869,occur_both
0518100000223895,occur_both
0518100000223901,occur_both
0518100000223931,occur_both
0518100000223951,occur_both
0518100000224008,occur_both
0518100000224065,occur_both
0518100000224068,occur_both
0518100000224076,occur_both
0518100000224083,occur_both
0518100000224084,occur_both
0518100000224106,occur_both
0518100000224355,occur_both
0518100000224398,occur_both
0518100000224489,occur_both
0518100000224517,occur_both
0518100000224538,occur_both
0518100000224549,occur_both
0518100000224552,occur_both
0518100000224554,occur_both
0518100000224674,occur_both
0518100000224675,occur_both
0518100000224715,occur_both
0518100000224770,occur_both
0518100000224808,occur_both
0518100000224846,occur_both
0518100000224847,occur_both
0518100000224937,occur_both
0518100000225014,occur_both
0518100000225017,occur_both
0518100000225027,occur_both
0518100000225066,occur_both
0518100000225094,occur_both
0518100000225108,occur_both
0518100000225111,occur_both
0518100000225119,occur_both
0518100000225150,occur_both
0518100000225151,occur_both
0518100000225153,occur_both
0518100000225154,occur_both
0518100000225176,occur_both
0518100000225224,occur_both
0518100000225304,occur_both
0518100000225312,occur_both
0518100000225313,occur_both
0518100000225314,occur_both
0518100000225320,occur_both
0518100000225321,occur_both
0518100000225342,occur_both
0518100000225343,occur_both
0518100000225344,occur_both
0518100000225362,occur_both
0518100000225364,occur_both
0518100000225379,occur_both
0518100000225423,occur_both
0518100000225427,occur_both
0518100000225469,occur_both
0518100000225595,occur_both
0518100000225597,occur_both
0518100000225599,occur_both
0518100000225600,occur_both
0518100000225623,occur_both
0518100000225677,occur_both
0518100000225762,occur_both
0518100000225767,occur_both
0518100000225905,occur_both
0518100000225919,occur_both
0518100000225920,occur_both
0518100000225921,occur_both
0518100000225922,occur_both
0518100000225995,occur_both
0518100000225997,occur_both
0518100000226198,occur_both
0518100000226301,occur_both
0518100000226372,occur_both
0518100000226653,occur_both
0518100000226654,occur_both
0518100000226661,occur_both
0518100000226662,occur_both
0518100000226668,occur_both
0518100000226683,occur_both
0518100000226720,occur_both
0518100000226721,occur_both
0518100000226771,occur_both
0518100000226772,occur_both
0518100000226775,occur_both
0518100000226812,occur_both
0518100000226822,occur_both
0518100000226834,occur_both
0518100000226847,occur_both
0518100000226867,occur_both
0518100000226978,occur_both
0518100000226985,occur_both
0518100000227023,occur_both
0518100000227113,occur_both
0518100000227137,occur_both
0518100000227149,occur_both
0518100000227164,occur_both
0518100000227168,occur_both
0518100000227172,occur_both
0518100000227255,occur_both
0518100000227324,occur_both
0518100000227330,occur_both
0518100000227341,occur_both
0518100000227420,occur_both
0518100000227451,occur_both
0518100000227453,occur_both
0518100000227455,occur_both
0518100000227525,occur_both
0518100000227594,occur_both
0518100000227608,occur_both
0518100000227634,occur_both
0518100000227635,occur_both
0518100000227636,occur_both
0518100000227637,occur_both
0518100000227678,occur_both
0518100000227698,occur_both
0518100000227725,occur_both
0518100000227745,occur_both
0518100000227746,occur_both
0518100000227748,occur_both
0518100000227768,occur_both
0518100000227851,occur_both
0518100000227929,occur_both
0518100000227949,occur_both
0518100000227986,occur_both
0518100000228262,occur_both
0518100000228285,occur_both
0518100000228288,occur_both
0518100000228294,occur_both
0518100000228344,occur_both
0518100000228354,occur_both
0518100000228375,occur_both
0518100000228410,occur_both
0518100000228555,occur_both
0518100000228556,occur_both
0518100000228648,occur_both
0518100000228728,occur_both
0518100000228773,occur_both
0518100000228779,occur_both
0518100000228792,occur_both
0518100000228794,occur_both
0518100000228797,occur_both
0518100000228899,occur_both
0518100000229018,occur_both
0518100000229038,occur_both
0518100000229039,occur_both
0518100000229073,occur_both
0518100000229104,occur_both
0518100000229106,occur_both
0518100000229107,occur_both
0518100000229108,occur_both
0518100000229121,occur_both
0518100000229156,occur_both
0518100000229214,occur_both
0518100000229215,occur_both
0518100000229397,occur_both
0518100000229416,occur_both
0518100000229493,occur_both
0518100000229527,occur_both
0518100000229546,occur_both
0518100000229567,occur_both
0518100000229568,occur_both
0518100000229575,occur_both
0518100000229614,occur_both
0518100000229615,occur_both
0518100000229617,occur_both
0518100000229624,occur_both
0518100000229627,occur_both
0518100000229671,occur_both
0518100000229697,occur_both
0518100000229762,occur_both
0518100000229763,occur_both
0518100000229852,occur_both
0518100000229866,occur_both
0518100000229891,occur_both
0518100000229952,occur_both
0518100000229969,occur_both
0518100000229993,occur_both
0518100000230048,occur_both
0518100000230101,occur_both
0518100000230102,occur_both
0518100000230127,occur_both
0518100000230132,occur_both
0518100000230138,occur_both
0518100000230141,occur_both
0518100000230145,occur_both
0518100000230180,occur_both
0518100000230228,occur_both
0518100000230270,occur_both
0518100000230289,occur_both
0518100000230466,occur_both
0518100000230467,occur_both
0518100000230621,occur_both
0518100000230634,occur_both
0518100000230639,occur_both
0518100000230676,occur_both
0518100000230677,occur_both
0518100000230678,occur_both
0518100000230682,occur_both
0518100000230799,occur_both
0518100000230877,occur_both
0518100000230975,occur_both
0518100000230984,occur_both
0518100000230999,occur_both
0518100000231021,occur_both
0518100000231038,occur_both
0518100000231074,occur_both
0518100000231093,occur_both
0518100000231094,occur_both
0518100000231144,occur_both
0518100000231204,occur_both
0518100000231230,occur_both
0518100000231232,occur_both
0518100000231257,occur_both
0518100000231258,occur_both
0518100000231283,occur_both
0518100000231316,occur_both
0518100000231379,occur_both
0518100000231409,occur_both
0518100000231432,occur_both
0518100000231445,occur_both
0518100000231463,occur_both
0518100000231464,occur_both
0518100000231509,occur_both
0518100000231514,occur_both
0518100000231539,occur_both
0518100000231608,occur_both
0518100000231786,occur_both
0518100000231838,occur_both
0518100000231849,occur_both
0518100000231850,occur_both
0518100000231851,occur_both
0518100000231852,occur_both
0518100000231854,occur_both
0518100000231855,occur_both
0518100000231856,occur_both
0518100000231891,occur_both
0518100000231903,occur_both
0518100000231933,occur_both
0518100000231983,occur_both
0518100000232001,occur_both
0518100000232065,occur_both
0518100000232101,occur_both
0518100000232165,occur_both
0518100000232170,occur_both
0518100000232231,occur_both
0518100000232318,occur_both
0518100000232328,occur_both
0518100000232376,occur_both
0518100000232410,occur_both
0518100000232552,occur_both
0518100000232553,occur_both
0518100000232554,occur_both
0518100000232645,occur_both
0518100000232647,occur_both
0518100000232648,occur_both
0518100000232649,occur_both
0518100000232661,occur_both
0518100000232708,occur_both
0518100000232844,occur_both
0518100000232865,occur_both
0518100000232867,occur_both
0518100000232882,occur_both
0518100000232948,occur_both
0518100000232961,occur_both
0518100000233017,occur_both
0518100000233029,occur_both
0518100000233134,occur_both
0518100000233192,occur_both
0518100000233196,occur_both
0518100000233198,occur_both
0518100000233270,occur_both
0518100000233274,occur_both
0518100000233322,occur_both
0518100000233323,occur_both
0518100000233333,occur_both
0518100000233357,occur_both
0518100000233365,occur_both
0518100000233400,occur_both
0518100000233435,occur_both
0518100000233436,occur_both
0518100000233464,occur_both
0518100000233472,occur_both
0518100000233560,occur_both
0518100000233621,occur_both
0518100000233647,occur_both
0518100000233694,occur_both
0518100000233716,occur_both
0518100000233858,occur_both
0518100000233917,occur_both
0518100000233918,occur_both
0518100000233949,occur_both
0518100000233951,occur_both
0518100000233952,occur_both
0518100000233956,occur_both
0518100000233976,occur_both
0518100000234047,occur_both
0518100000234056,occur_both
0518100000234087,occur_both
0518100000234145,occur_both
0518100000234178,occur_both
0518100000234263,occur_both
0518100000234302,occur_both
0518100000234454,occur_both
0518100000234477,occur_both
0518100000234637,occur_both
0518100000234655,occur_both
0518100000234663,occur_both
0518100000234667,occur_both
0518100000234669,occur_both
0518100000234754,occur_both
0518100000234781,occur_both
0518100000234885,occur_both
0518100000234922,occur_both
0518100000234939,occur_both
0518100000235044,occur_both
0518100000235061,occur_both
0518100000235067,occur_both
0518100000235087,occur_both
0518100000235142,occur_both
0518100000235293,occur_both
0518100000235386,occur_both
0518100000235424,occur_both
0518100000235475,occur_both
0518100000235644,occur_both
0518100000235646,occur_both
0518100000235666,occur_both
0518100000235672,occur_both
0518100000235707,occur_both
0518100000235749,occur_both
0518100000235750,occur_both
0518100000235880,occur_both
0518100000235881,occur_both
0518100000235882,occur_both
0518100000235883,occur_both
0518100000235884,occur_both
0518100000236180,occur_both
0518100000236181,occur_both
0518100000236183,occur_both
0518100000236184,occur_both
0518100000236193,occur_both
0518100000236195,occur_both
0518100000236212,occur_both
0518100000236267,occur_both
0518100000236533,occur_both
0518100000236590,occur_both
0518100000236598,occur_both
0518100000236603,occur_both
0518100000236628,occur_both
0518100000236630,occur_both
0518100000236631,occur_both
0518100000236663,occur_both
0518100000236665,occur_both
0518100000236807,occur_both
0518100000236893,occur_both
0518100000236958,occur_both
0518100000236976,occur_both
0518100000237062,occur_both
0518100000237107,occur_both
0518100000237108,occur_both
0518100000237131,occur_both
0518100000237139,occur_both
0518100000237140,occur_both
0518100000237173,occur_both
0518100000237228,occur_both
0518100000237237,occur_both
0518100000237240,occur_both
0518100000237242,occur_both
0518100000237243,occur_both
0518100000237247,occur_both
0518100000237282,occur_both
0518100000237335,occur_both
0518100000237419,occur_both
0518100000237434,occur_both
0518100000237519,occur_both
0518100000237524,occur_both
0518100000237530,occur_both
0518100000237540,occur_both
0518100000237553,occur_both
0518100000237582,occur_both
0518100000237658,occur_both
0518100000237666,occur_both
0518100000237667,occur_both
0518100000237727,occur_both
0518100000237750,occur_both
0518100000237783,occur_both
0518100000237785,occur_both
0518100000237788,occur_both
0518100000237792,occur_both
0518100000237900,occur_both
0518100000237951,occur_both
0518100000237964,occur_both
0518100000237979,occur_both
0518100000238035,occur_both
0518100000238037,occur_both
0518100000238040,occur_both
0518100000238041,occur_both
0518100000238042,occur_both
0518100000238169,occur_both
0518100000238278,occur_both
0518100000238280,occur_both
0518100000238284,occur_both
0518100000238313,occur_both
0518100000238341,occur_both
0518100000238369,occur_both
0518100000238434,occur_both
0518100000238435,occur_both
0518100000238436,occur_both
0518100000238445,occur_both
0518100000238527,occur_both
0518100000238528,occur_both
0518100000238597,occur_both
0518100000238609,occur_both
0518100000238619,occur_both
0518100000238623,occur_both
0518100000238675,occur_both
0518100000238688,occur_both
0518100000238689,occur_both
0518100000238693,occur_both
0518100000238706,occur_both
0518100000238839,occur_both
0518100000238840,occur_both
0518100000238980,occur_both
0518100000238999,occur_both
0518100000239000,occur_both
0518100000239001,occur_both
0518100000239061,occur_both
0518100000239093,occur_both
0518100000239123,occur_both
0518100000239144,occur_both
0518100000239324,occur_both
0518100000239335,occur_both
0518100000239336,occur_both
0518100000239356,occur_both
0518100000239379,occur_both
0518100000239540,occur_both
0518100000239541,occur_both
0518100000239542,occur_both
0518100000239684,occur_both
0518100000239753,occur_both
0518100000239766,occur_both
0518100000239767,occur_both
0518100000239778,occur_both
0518100000239838,occur_both
0518100000239855,occur_both
0518100000239954,occur_both
0518100000240028,occur_both
0518100000240052,occur_both
0518100000240078,occur_both
0518100000240236,occur_both
0518100000240353,occur_both
0518100000240359,occur_both
0518100000240360,occur_both
0518100000240385,occur_both
0518100000240414,occur_both
0518100000240482,occur_both
0518100000240483,occur_both
0518100000240510,occur_both
0518100000240511,occur_both
0518100000240566,occur_both
0518100000240648,occur_both
0518100000240651,occur_both
0518100000240683,occur_both
0518100000240707,occur_both
0518100000240716,occur_both
0518100000240728,occur_both
0518100000240848,occur_both
0518100000240974,occur_both
0518100000240979,occur_both
0518100000241012,occur_both
0518100000241062,occur_both
0518100000241074,occur_both
0518100000241078,occur_both
0518100000241134,occur_both
0518100000241156,occur_both
0518100000241157,occur_both
0518100000241158,occur_both
0518100000241159,occur_both
0518100000241188,occur_both
0518100000241433,occur_both
0518100000241454,occur_both
0518100000241455,occur_both
0518100000241471,occur_both
0518100000241500,occur_both
0518100000241603,occur_both
0518100000241665,occur_both
0518100000241670,occur_both
0518100000241671,occur_both
0518100000241817,occur_both
0518100000241818,occur_both
0518100000241848,occur_both
0518100000241974,occur_both
0518100000242070,occur_both
0518100000242084,occur_both
0518100000242086,occur_both
0518100000242236,occur_both
0518100000242304,occur_both
0518100000242326,occur_both
0518100000242378,occur_both
0518100000242394,occur_both
0518100000242505,occur_both
0518100000242588,occur_both
0518100000242606,occur_both
0518100000242662,occur_both
0518100000242675,occur_both
0518100000242761,occur_both
0518100000242789,occur_both
0518100000242790,occur_both
0518100000242807,occur_both
0518100000242812,occur_both
0518100000242816,occur_both
0518100000242945,occur_both
0518100000242946,occur_both
0518100000242950,occur_both
0518100000242951,occur_both
0518100000242953,occur_both
0518100000242955,occur_both
0518100000242956,occur_both
0518100000242957,occur_both
0518100000242968,occur_both
0518100000243039,occur_both
0518100000243041,occur_both
0518100000243042,occur_both
0518100000243122,occur_both
0518100000243134,occur_both
0518100000243369,occur_both
0518100000243478,occur_both
0518100000243635,occur_both
0518100000243636,occur_both
0518100000243639,occur_both
0518100000243650,occur_both
0518100000243771,occur_both
0518100000243773,occur_both
0518100000243785,occur_both
0518100000243923,occur_both
0518100000243954,occur_both
0518100000243961,occur_both
0518100000243985,occur_both
0518100000243986,occur_both
0518100000243987,occur_both
0518100000244062,occur_both
0518100000244068,occur_both
0518100000244076,occur_both
0518100000244077,occur_both
0518100000244078,occur_both
0518100000244079,occur_both
0518100000244161,occur_both
0518100000244304,occur_both
0518100000244339,occur_both
0518100000244458,occur_both
0518100000244472,occur_both
0518100000244473,occur_both
0518100000244636,occur_both
0518100000244639,occur_both
0518100000244942,occur_both
0518100000244943,occur_both
0518100000244995,occur_both
0518100000245284,occur_both
0518100000245286,occur_both
0518100000245448,occur_both
0518100000245458,occur_both
0518100000245589,occur_both
0518100000245626,occur_both
0518100000245630,occur_both
0518100000245654,occur_both
0518100000245717,occur_both
0518100000245720,occur_both
0518100000245723,occur_both
0518100000245885,occur_both
0518100000245891,occur_both
0518100000246099,occur_both
0518100000246173,occur_both
0518100000246174,occur_both
0518100000246195,occur_both
0518100000246196,occur_both
0518100000246197,occur_both
0518100000246219,occur_both
0518100000246381,occur_both
0518100000246384,occur_both
0518100000246395,occur_both
0518100000246546,occur_both
0518100000246656,occur_both
0518100000246715,occur_both
0518100000246717,occur_both
0518100000246722,occur_both
0518100000246786,occur_both
0518100000246817,occur_both
0518100000246856,occur_both
0518100000246871,occur_both
0518100000246872,occur_both
0518100000246897,occur_both
0518100000246907,occur_both
0518100000246908,occur_both
0518100000246955,occur_both
0518100000246994,occur_both
0518100000247006,occur_both
0518100000247132,occur_both
0518100000247323,occur_both
0518100000247402,occur_both
0518100000247407,occur_both
0518100000247485,occur_both
0518100000247493,occur_both
0518100000247496,occur_both
0518100000247497,occur_both
0518100000247583,occur_both
0518100000247609,occur_both
0518100000247614,occur_both
0518100000247740,occur_both
0518100000248280,occur_both
0518100000248665,occur_both
0518100000248967,occur_both
0518100000249001,occur_both
0518100000249019,occur_both
0518100000249020,occur_both
0518100000249187,occur_both
0518100000249188,occur_both
0518100000249482,occur_both
0518100000249610,occur_both
0518100000249653,occur_both
0518100000249654,occur_both
0518100000249656,occur_both
0518100000249808,occur_both
0518100000250425,occur_both
0518100000250714,occur_both
0518100000250715,occur_both
0518100000250716,occur_both
0518100000250717,occur_both
0518100000251735,occur_both
0518100000251877,occur_both
0518100000252264,occur_both
0518100000252499,occur_both
0518100000252512,occur_both
0518100000253574,occur_both
0518100000253807,occur_both
0518100000253855,occur_both
0518100000254000,occur_both
0518100000254482,occur_both
0518100000256776,occur_both
0518100000257399,occur_both
0518100000260683,occur_both
0518100000265952,occur_both
0518100000266085,occur_both
0518100000267535,occur_both
0518100000268167,occur_both
0518100000268168,occur_both
0518100000268196,occur_both
0518100000268242,occur_both
0518100000268249,occur_both
0518100000268359,occur_both
0518100000268727,occur_both
0518100000268734,occur_both
0518100000268764,occur_both
0518100000269029,occur_both
0518100000269167,occur_both
0518100000269354,occur_both
0518100000269355,occur_both
0518100000269479,occur_both
0518100000269501,occur_both
0518100000269582,occur_both
0518100000269617,occur_both
0518100000269743,occur_both
0518100000269746,occur_both
0518100000269786,occur_both
0518100000270085,occur_both
0518100000270191,occur_both
0518100000270247,occur_both
0518100000270248,occur_both
0518100000270321,occur_both
0518100000270326,occur_both
0518100000270392,occur_both
0518100000270416,occur_both
0518100000270429,occur_both
0518100000270449,occur_both
0518100000270554,occur_both
0518100000270611,occur_both
0518100000270697,occur_both
0518100000270698,occur_both
0518100000270712,occur_both
0518100000270737,occur_both
0518100000270746,occur_both
0518100000270782,occur_both
0518100000270819,occur_both
0518100000270850,occur_both
0518100000270854,occur_both
0518100000270858,occur_both
0518100000270892,occur_both
0518100000270898,occur_both
0518100000270981,occur_both
0518100000271005,occur_both
0518100000271007,occur_both
0518100000271134,occur_both
0518100000271161,occur_both
0518100000271216,occur_both
0518100000271230,occur_both
0518100000271231,occur_both
0518100000271329,occur_both
0518100000271494,occur_both
0518100000271572,occur_both
0518100000271604,occur_both
0518100000271725,occur_both
0518100000271739,occur_both
0518100000271744,occur_both
0518100000271971,occur_both
0518100000271974,occur_both
0518100000271980,occur_both
0518100000272020,occur_both
0518100000272034,occur_both
0518100000272108,occur_both
0518100000272123,occur_both
0518100000272133,occur_both
0518100000272154,occur_both
0518100000272157,occur_both
0518100000272161,occur_both
0518100000272286,occur_both
0518100000272293,occur_both
0518100000272332,occur_both
0518100000272388,occur_both
0518100000272389,occur_both
0518100000272478,occur_both
0518100000272535,occur_both
0518100000272599,occur_both
0518100000272612,occur_both
0518100000272669,occur_both
0518100000272685,occur_both
0518100000272706,occur_both
0518100000272781,occur_both
0518100000272791,occur_both
0518100000272812,occur_both
0518100000272819,occur_both
0518100000272853,occur_both
0518100000272855,occur_both
0518100000272906,occur_both
0518100000272951,occur_both
0518100000273031,occur_both
0518100000273127,occur_both
0518100000273174,occur_both
0518100000273283,occur_both
0518100000273304,occur_both
0518100000273314,occur_both
0518100000273315,occur_both
0518100000273327,occur_both
0518100000273492,occur_both
0518100000273494,occur_both
0518100000273510,occur_both
0518100000273511,occur_both
0518100000273545,occur_both
0518100000273565,occur_both
0518100000273597,occur_both
0518100000273629,occur_both
0518100000273640,occur_both
0518100000273732,occur_both
0518100000273741,occur_both
0518100000273744,occur_both
0518100000273980,occur_both
0518100000273984,occur_both
0518100000274041,occur_both
0518100000274073,occur_both
0518100000274074,occur_both
0518100000274148,occur_both
0518100000274153,occur_both
0518100000274198,occur_both
0518100000274223,occur_both
0518100000274226,occur_both
0518100000274269,occur_both
0518100000274342,occur_both
0518100000274533,occur_both
0518100000274558,occur_both
0518100000274615,occur_both
0518100000274646,occur_both
0518100000274651,occur_both
0518100000274749,occur_both
0518100000274761,occur_both
0518100000274795,occur_both
0518100000274894,occur_both
0518100000274988,occur_both
0518100000274997,occur_both
0518100000275036,occur_both
0518100000275064,occur_both
0518100000275083,occur_both
0518100000275092,occur_both
0518100000275116,occur_both
0518100000275136,occur_both
0518100000275218,occur_both
0518100000275250,occur_both
0518100000275254,occur_both
0518100000275320,occur_both
0518100000275333,occur_both
0518100000275407,occur_both
0518100000275487,occur_both
0518100000275501,occur_both
0518100000275555,occur_both
0518100000275583,occur_both
0518100000275606,occur_both
0518100000275617,occur_both
0518100000275632,occur_both
0518100000275726,occur_both
0518100000275768,occur_both
0518100000275771,occur_both
0518100000275898,occur_both
0518100000275963,occur_both
0518100000275976,occur_both
0518100000276134,occur_both
0518100000276151,occur_both
0518100000276259,occur_both
0518100000276283,occur_both
0518100000276362,occur_both
0518100000276382,occur_both
0518100000276421,occur_both
0518100000276567,occur_both
0518100000276587,occur_both
0518100000276601,occur_both
0518100000276782,occur_both
0518100000276785,occur_both
0518100000276871,occur_both
0518100000276884,occur_both
0518100000276965,occur_both
0518100000276969,occur_both
0518100000276986,occur_both
0518100000277044,occur_both
0518100000277062,occur_both
0518100000277260,occur_both
0518100000277311,occur_both
0518100000277424,occur_both
0518100000277435,occur_both
0518100000277498,occur_both
0518100000277513,occur_both
0518100000277567,occur_both
0518100000277607,occur_both
0518100000277670,occur_both
0518100000277712,occur_both
0518100000277735,occur_both
0518100000277819,occur_both
0518100000278039,occur_both
0518100000278098,occur_both
0518100000278118,occur_both
0518100000278367,occur_both
0518100000278371,occur_both
0518100000278379,occur_both
0518100000278387,occur_both
0518100000278581,occur_both
0518100000278606,occur_both
0518100000278608,occur_both
0518100000278610,occur_both
0518100000278619,occur_both
0518100000278620,occur_both
0518100000278646,occur_both
0518100000278669,occur_both
0518100000278681,occur_both
0518100000278800,occur_both
0518100000278968,occur_both
0518100000278971,occur_both
0518100000278977,occur_both
0518100000278978,occur_both
0518100000278983,occur_both
0518100000279046,occur_both
0518100000279133,occur_both
0518100000279145,occur_both
0518100000279147,occur_both
0518100000279151,occur_both
0518100000279194,occur_both
0518100000279202,occur_both
0518100000279203,occur_both
0518100000279206,occur_both
0518100000279226,occur_both
0518100000279232,occur_both
0518100000279274,occur_both
0518100000279280,occur_both
0518100000279295,occur_both
0518100000279320,occur_both
0518100000279353,occur_both
0518100000279507,occur_both
0518100000279547,occur_both
0518100000279559,occur_both
0518100000279561,occur_both
0518100000279614,occur_both
0518100000279644,occur_both
0518100000279660,occur_both
0518100000279663,occur_both
0518100000279694,occur_both
0518100000279704,occur_both
0518100000279706,occur_both
0518100000279707,occur_both
0518100000279743,occur_both
0518100000279808,occur_both
0518100000279812,occur_both
0518100000279819,occur_both
0518100000279844,occur_both
0518100000279853,occur_both
0518100000279854,occur_both
0518100000279889,occur_both
0518100000280019,occur_both
0518100000280021,occur_both
0518100000280034,occur_both
0518100000280038,occur_both
0518100000280039,occur_both
0518100000280083,occur_both
0518100000280106,occur_both
0518100000280107,occur_both
0518100000280112,occur_both
0518100000280134,occur_both
0518100000280167,occur_both
0518100000280187,occur_both
0518100000280336,occur_both
0518100000280337,occur_both
0518100000280342,occur_both
0518100000280385,occur_both
0518100000280463,occur_both
0518100000280494,occur_both
0518100000280503,occur_both
0518100000280545,occur_both
0518100000280553,occur_both
0518100000280783,occur_both
0518100000280814,occur_both
0518100000280815,occur_both
0518100000280821,occur_both
0518100000280931,occur_both
0518100000280969,occur_both
0518100000281018,occur_both
0518100000281033,occur_both
0518100000281052,occur_both
0518100000281254,occur_both
0518100000281255,occur_both
0518100000281302,occur_both
0518100000281349,occur_both
0518100000281367,occur_both
0518100000281416,occur_both
0518100000281428,occur_both
0518100000281457,occur_both
0518100000281484,occur_both
0518100000281485,occur_both
0518100000281505,occur_both
0518100000281506,occur_both
0518100000281575,occur_both
0518100000281747,occur_both
0518100000281777,occur_both
0518100000281852,occur_both
0518100000281860,occur_both
0518100000281863,occur_both
0518100000281864,occur_both
0518100000281883,occur_both
0518100000281884,occur_both
0518100000281887,occur_both
0518100000281908,occur_both
0518100000281941,occur_both
0518100000281976,occur_both
0518100000282025,occur_both
0518100000282034,occur_both
0518100000282049,occur_both
0518100000282075,occur_both
0518100000282086,occur_both
0518100000282158,occur_both
0518100000282161,occur_both
0518100000282162,occur_both
0518100000282180,occur_both
0518100000282188,occur_both
0518100000282204,occur_both
0518100000282222,occur_both
0518100000282228,occur_both
0518100000282230,occur_both
0518100000282238,occur_both
0518100000282275,occur_both
0518100000282286,occur_both
0518100000282287,occur_both
0518100000282289,occur_both
0518100000282293,occur_both
0518100000282316,occur_both
0518100000282326,occur_both
0518100000282358,occur_both
0518100000282359,occur_both
0518100000282386,occur_both
0518100000282466,occur_both
0518100000282470,occur_both
0518100000282471,occur_both
0518100000282498,occur_both
0518100000282499,occur_both
0518100000282583,occur_both
0518100000282669,occur_both
0518100000282670,occur_both
0518100000282677,occur_both
0518100000282700,occur_both
0518100000282735,occur_both
0518100000282739,occur_both
0518100000282740,occur_both
0518100000282741,occur_both
0518100000282778,occur_both
0518100000282809,occur_both
0518100000282828,occur_both
0518100000282883,occur_both
0518100000282913,occur_both
0518100000282923,occur_both
0518100000282980,occur_both
0518100000282988,occur_both
0518100000283018,occur_both
0518100000283043,occur_both
0518100000283048,occur_both
0518100000283070,occur_both
0518100000283091,occur_both
0518100000283121,occur_both
0518100000283146,occur_both
0518100000283151,occur_both
0518100000283155,occur_both
0518100000283160,occur_both
0518100000283182,occur_both
0518100000283224,occur_both
0518100000283244,occur_both
0518100000283351,occur_both
0518100000283388,occur_both
0518100000283528,occur_both
0518100000283552,occur_both
0518100000283559,occur_both
0518100000283594,occur_both
0518100000283609,occur_both
0518100000283621,occur_both
0518100000283634,occur_both
0518100000283645,occur_both
0518100000283652,occur_both
0518100000283653,occur_both
0518100000283700,occur_both
0518100000283730,occur_both
0518100000283743,occur_both
0518100000283763,occur_both
0518100000283806,occur_both
0518100000283860,occur_both
0518100000283874,occur_both
0518100000283892,occur_both
0518100000283918,occur_both
0518100000283941,occur_both
0518100000284036,occur_both
0518100000284040,occur_both
0518100000284041,occur_both
0518100000284056,occur_both
0518100000284073,occur_both
0518100000284114,occur_both
0518100000284126,occur_both
0518100000284158,occur_both
0518100000284181,occur_both
0518100000284224,occur_both
0518100000284228,occur_both
0518100000284230,occur_both
0518100000284280,occur_both
0518100000284281,occur_both
0518100000284284,occur_both
0518100000284296,occur_both
0518100000284307,occur_both
0518100000284396,occur_both
0518100000284397,occur_both
0518100000284405,occur_both
0518100000284480,occur_both
0518100000284503,occur_both
0518100000284514,occur_both
0518100000284643,occur_both
0518100000284647,occur_both
0518100000284662,occur_both
0518100000284671,occur_both
0518100000284782,occur_both
0518100000284793,occur_both
0518100000284795,occur_both
0518100000284823,occur_both
0518100000284824,occur_both
0518100000284831,occur_both
0518100000284834,occur_both
0518100000284836,occur_both
0518100000284840,occur_both
0518100000284841,occur_both
0518100000284991,occur_both
0518100000285042,occur_both
0518100000285054,occur_both
0518100000285065,occur_both
0518100000285093,occur_both
0518100000285126,occur_both
0518100000285154,occur_both
0518100000285174,occur_both
0518100000285203,occur_both
0518100000285220,occur_both
0518100000285225,occur_both
0518100000285323,occur_both
0518100000285391,occur_both
0518100000285393,occur_both
0518100000285508,occur_both
0518100000285521,occur_both
0518100000285540,occur_both
0518100000285545,occur_both
0518100000285546,occur_both
0518100000285614,occur_both
0518100000285648,occur_both
0518100000285726,occur_both
0518100000285777,occur_both
0518100000285810,occur_both
0518100000285850,occur_both
0518100000285858,occur_both
0518100000285921,occur_both
0518100000285924,occur_both
0518100000285932,occur_both
0518100000285947,occur_both
0518100000285953,occur_both
0518100000285956,occur_both
0518100000285958,occur_both
0518100000285965,occur_both
0518100000285974,occur_both
0518100000286010,occur_both
0518100000286011,occur_both
0518100000286024,occur_both
0518100000286047,occur_both
0518100000286115,occur_both
0518100000286137,occur_both
0518100000286183,occur_both
0518100000286206,occur_both
0518100000286236,occur_both
0518100000286253,occur_both
0518100000286283,occur_both
0518100000286293,occur_both
0518100000286350,occur_both
0518100000286377,occur_both
0518100000286448,occur_both
0518100000286449,occur_both
0518100000286454,occur_both
0518100000286457,occur_both
0518100000286471,occur_both
0518100000286655,occur_both
0518100000286691,occur_both
0518100000286760,occur_both
0518100000286835,occur_both
0518100000286856,occur_both
0518100000286924,occur_both
0518100000287101,occur_both
0518100000287139,occur_both
0518100000287195,occur_both
0518100000287222,occur_both
0518100000287287,occur_both
0518100000287343,occur_both
0518100000287345,occur_both
0518100000287359,occur_both
0518100000287435,occur_both
0518100000287436,occur_both
0518100000287463,occur_both
0518100000287475,occur_both
0518100000287546,occur_both
0518100000287608,occur_both
0518100000287644,occur_both
0518100000287742,occur_both
0518100000287743,occur_both
0518100000287756,occur_both
0518100000287836,occur_both
0518100000287854,occur_both
0518100000287878,occur_both
0518100000287882,occur_both
0518100000287925,occur_both
0518100000287932,occur_both
0518100000287934,occur_both
0518100000287939,occur_both
0518100000287989,occur_both
0518100000287990,occur_both
0518100000288012,occur_both
0518100000288067,occur_both
0518100000288069,occur_both
0518100000288100,occur_both
0518100000288101,occur_both
0518100000288113,occur_both
0518100000288141,occur_both
0518100000288149,occur_both
0518100000288179,occur_both
0518100000288182,occur_both
0518100000288285,occur_both
0518100000288297,occur_both
0518100000288311,occur_both
0518100000288350,occur_both
0518100000288367,occur_both
0518100000288376,occur_both
0518100000288415,occur_both
0518100000288609,occur_both
0518100000288611,occur_both
0518100000288706,occur_both
0518100000288709,occur_both
0518100000288731,occur_both
0518100000288743,occur_both
0518100000288749,occur_both
0518100000288812,occur_both
0518100000288817,occur_both
0518100000288859,occur_both
0518100000288864,occur_both
0518100000288869,occur_both
0518100000288914,occur_both
0518100000288969,occur_both
0518100000289015,occur_both
0518100000289019,occur_both
0518100000289037,occur_both
0518100000289259,occur_both
0518100000289413,occur_both
0518100000289508,occur_both
0518100000289581,occur_both
0518100000289622,occur_both
0518100000289623,occur_both
0518100000289674,occur_both
0518100000289713,occur_both
0518100000289716,occur_both
0518100000289829,occur_both
0518100000289976,occur_both
0518100000290114,occur_both
0518100000290115,occur_both
0518100000290116,occur_both
0518100000290466,occur_both
0518100000290479,occur_both
0518100000290480,occur_both
0518100000290511,occur_both
0518100000290519,occur_both
0518100000290585,occur_both
0518100000290654,occur_both
0518100000290811,occur_both
0518100000290944,occur_both
0518100000292688,occur_both
0518100000295382,occur_both
0518100000295436,occur_both
0518100000295815,occur_both
0518100000295989,occur_both
0518100000296008,occur_both
0518100000296057,occur_both
0518100000296058,occur_both
0518100000296059,occur_both
0518100000296121,occur_both
0518100000296170,occur_both
0518100000296172,occur_both
0518100000296193,occur_both
0518100000296213,occur_both
0518100000296222,occur_both
0518100000296247,occur_both
0518100000296253,occur_both
0518100000296274,occur_both
0518100000296280,occur_both
0518100000296409,occur_both
0518100000296441,occur_both
0518100000296443,occur_both
0518100000296445,occur_both
0518100000296465,occur_both
0518100000296488,occur_both
0518100000296521,occur_both
0518100000296534,occur_both
0518100000296567,occur_both
0518100000296593,occur_both
0518100000296604,occur_both
0518100000296649,occur_both
0518100000296652,occur_both
0518100000296670,occur_both
0518100000296671,occur_both
0518100000296710,occur_both
0518100000296750,occur_both
0518100000296802,occur_both
0518100000296817,occur_both
0518100000296879,occur_both
0518100000296887,occur_both
0518100000296974,occur_both
0518100000297079,occur_both
0518100000297080,occur_both
0518100000297086,occur_both
0518100000297124,occur_both
0518100000297160,occur_both
0518100000297178,occur_both
0518100000297214,occur_both
0518100000297218,occur_both
0518100000297312,occur_both
0518100000297316,occur_both
0518100000297367,occur_both
0518100000297409,occur_both
0518100000297426,occur_both
0518100000297434,occur_both
0518100000297453,occur_both
0518100000297456,occur_both
0518100000297472,occur_both
0518100000297509,occur_both
0518100000297643,occur_both
0518100000297721,occur_both
0518100000297758,occur_both
0518100000297810,occur_both
0518100000297816,occur_both
0518100000297829,occur_both
0518100000297877,occur_both
0518100000297957,occur_both
0518100000297971,occur_both
0518100000298006,occur_both
0518100000298055,occur_both
0518100000298062,occur_both
0518100000298065,occur_both
0518100000298159,occur_both
0518100000298184,occur_both
0518100000298221,occur_both
0518100000298225,occur_both
0518100000298289,occur_both
0518100000298312,occur_both
0518100000298321,occur_both
0518100000298323,occur_both
0518100000298328,occur_both
0518100000298329,occur_both
0518100000298360,occur_both
0518100000298369,occur_both
0518100000298374,occur_both
0518100000298435,occur_both
0518100000298468,occur_both
0518100000298491,occur_both
0518100000298541,occur_both
0518100000298621,occur_both
0518100000298703,occur_both
0518100000298727,occur_both
0518100000298749,occur_both
0518100000298750,occur_both
0518100000298752,occur_both
0518100000298756,occur_both
0518100000298768,occur_both
0518100000298915,occur_both
0518100000298928,occur_both
0518100000298932,occur_both
0518100000299021,occur_both
0518100000299022,occur_both
0518100000299034,occur_both
0518100000299059,occur_both
0518100000299074,occur_both
0518100000299079,occur_both
0518100000299100,occur_both
0518100000299104,occur_both
0518100000299115,occur_both
0518100000299245,occur_both
0518100000299261,occur_both
0518100000299266,occur_both
0518100000299307,occur_both
0518100000299343,occur_both
0518100000299407,occur_both
0518100000299430,occur_both
0518100000299470,occur_both
0518100000299525,occur_both
0518100000299533,occur_both
0518100000299592,occur_both
0518100000299593,occur_both
0518100000299597,occur_both
0518100000299766,occur_both
0518100000299814,occur_both
0518100000299882,occur_both
0518100000299931,occur_both
0518100000299942,occur_both
0518100000299953,occur_both
0518100000299971,occur_both
0518100000300064,occur_both
0518100000300092,occur_both
0518100000300135,occur_both
0518100000300142,occur_both
0518100000300206,occur_both
0518100000300229,occur_both
0518100000300240,occur_both
0518100000300393,occur_both
0518100000300398,occur_both
0518100000300400,occur_both
0518100000300401,occur_both
0518100000300402,occur_both
0518100000300411,occur_both
0518100000300434,occur_both
0518100000300457,occur_both
0518100000300461,occur_both
0518100000300462,occur_both
0518100000300479,occur_both
0518100000300510,occur_both
0518100000300511,occur_both
0518100000300554,occur_both
0518100000300561,occur_both
0518100000300585,occur_both
0518100000300587,occur_both
0518100000300588,occur_both
0518100000300597,occur_both
0518100000300623,occur_both
0518100000300706,occur_both
0518100000300711,occur_both
0518100000300770,occur_both
0518100000300793,occur_both
0518100000300954,occur_both
0518100000301096,occur_both
0518100000301176,occur_both
0518100000301202,occur_both
0518100000301245,occur_both
0518100000301288,occur_both
0518100000301327,occur_both
0518100000301329,occur_both
0518100000301330,occur_both
0518100000301336,occur_both
0518100000301344,occur_both
0518100000301395,occur_both
0518100000301396,occur_both
0518100000301434,occur_both
0518100000301438,occur_both
0518100000301468,occur_both
0518100000301523,occur_both
0518100000301528,occur_both
0518100000301683,occur_both
0518100000301734,occur_both
0518100000301890,occur_both
0518100000301920,occur_both
0518100000301954,occur_both
0518100000301957,occur_both
0518100000301966,occur_both
0518100000302151,occur_both
0518100000302192,occur_both
0518100000302204,occur_both
0518100000302213,occur_both
0518100000302220,occur_both
0518100000302234,occur_both
0518100000302250,occur_both
0518100000302311,occur_both
0518100000302374,occur_both
0518100000302398,occur_both
0518100000302593,occur_both
0518100000302600,occur_both
0518100000302604,occur_both
0518100000302611,occur_both
0518100000302641,occur_both
0518100000302658,occur_both
0518100000302684,occur_both
0518100000302701,occur_both
0518100000302707,occur_both
0518100000302716,occur_both
0518100000302751,occur_both
0518100000302772,occur_both
0518100000302810,occur_both
0518100000302845,occur_both
0518100000302848,occur_both
0518100000302873,occur_both
0518100000302964,occur_both
0518100000303029,occur_both
0518100000303090,occur_both
0518100000303098,occur_both
0518100000303116,occur_both
0518100000303117,occur_both
0518100000303126,occur_both
0518100000303130,occur_both
0518100000303133,occur_both
0518100000303149,occur_both
0518100000303153,occur_both
0518100000303224,occur_both
0518100000303357,occur_both
0518100000303430,occur_both
0518100000303433,occur_both
0518100000303450,occur_both
0518100000303522,occur_both
0518100000303562,occur_both
0518100000303600,occur_both
0518100000303611,occur_both
0518100000303613,occur_both
0518100000303614,occur_both
0518100000303615,occur_both
0518100000303644,occur_both
0518100000303658,occur_both
0518100000303680,occur_both
0518100000303682,occur_both
0518100000303695,occur_both
0518100000303706,occur_both
0518100000303710,occur_both
0518100000303834,occur_both
0518100000303872,occur_both
0518100000303914,occur_both
0518100000303924,occur_both
0518100000303998,occur_both
0518100000304018,occur_both
0518100000304021,occur_both
0518100000304031,occur_both
0518100000304048,occur_both
0518100000304129,occur_both
0518100000304135,occur_both
0518100000304139,occur_both
0518100000304161,occur_both
0518100000304174,occur_both
0518100000304192,occur_both
0518100000304201,occur_both
0518100000304202,occur_both
0518100000304266,occur_both
0518100000304270,occur_both
0518100000304285,occur_both
0518100000304353,occur_both
0518100000304395,occur_both
0518100000304444,occur_both
0518100000304539,occur_both
0518100000304540,occur_both
0518100000304586,occur_both
0518100000304590,occur_both
0518100000304595,occur_both
0518100000304598,occur_both
0518100000304609,occur_both
0518100000304610,occur_both
0518100000304611,occur_both
0518100000304626,occur_both
0518100000304627,occur_both
0518100000304637,occur_both
0518100000304688,occur_both
0518100000304696,occur_both
0518100000304741,occur_both
0518100000304847,occur_both
0518100000304876,occur_both
0518100000304877,occur_both
0518100000304994,occur_both
0518100000305088,occur_both
0518100000305127,occur_both
0518100000305141,occur_both
0518100000305228,occur_both
0518100000305259,occur_both
0518100000305321,occur_both
0518100000305383,occur_both
0518100000305448,occur_both
0518100000305459,occur_both
0518100000305583,occur_both
0518100000305608,occur_both
0518100000305610,occur_both
0518100000305613,occur_both
0518100000305646,occur_both
0518100000305675,occur_both
0518100000305695,occur_both
0518100000305717,occur_both
0518100000305734,occur_both
0518100000305759,occur_both
0518100000305814,occur_both
0518100000305842,occur_both
0518100000305924,occur_both
0518100000305925,occur_both
0518100000306001,occur_both
0518100000306158,occur_both
0518100000306179,occur_both
0518100000306203,occur_both
0518100000306211,occur_both
0518100000306212,occur_both
0518100000306311,occur_both
0518100000306321,occur_both
0518100000306347,occur_both
0518100000306471,occur_both
0518100000306513,occur_both
0518100000306565,occur_both
0518100000306605,occur_both
0518100000306606,occur_both
0518100000306610,occur_both
0518100000306619,occur_both
0518100000306646,occur_both
0518100000306694,occur_both
0518100000306717,occur_both
0518100000306733,occur_both
0518100000306810,occur_both
0518100000306816,occur_both
0518100000306826,occur_both
0518100000306851,occur_both
0518100000306891,occur_both
0518100000306934,occur_both
0518100000306940,occur_both
0518100000306965,occur_both
0518100000307052,occur_both
0518100000307053,occur_both
0518100000307055,occur_both
0518100000307104,occur_both
0518100000307129,occur_both
0518100000307148,occur_both
0518100000307185,occur_both
0518100000307286,occur_both
0518100000307290,occur_both
0518100000307291,occur_both
0518100000307320,occur_both
0518100000307323,occur_both
0518100000307375,occur_both
0518100000307387,occur_both
0518100000307409,occur_both
0518100000307440,occur_both
0518100000307460,occur_both
0518100000307475,occur_both
0518100000307507,occur_both
0518100000307536,occur_both
0518100000307537,occur_both
0518100000307589,occur_both
0518100000307597,occur_both
0518100000307614,occur_both
0518100000307635,occur_both
0518100000307680,occur_both
0518100000307780,occur_both
0518100000307781,occur_both
0518100000307782,occur_both
0518100000307842,occur_both
0518100000307845,occur_both
0518100000307846,occur_both
0518100000307945,occur_both
0518100000307947,occur_both
0518100000307955,occur_both
0518100000307957,occur_both
0518100000307963,occur_both
0518100000307996,occur_both
0518100000308001,occur_both
0518100000308049,occur_both
0518100000308140,occur_both
0518100000308287,occur_both
0518100000308289,occur_both
0518100000308401,occur_both
0518100000308426,occur_both
0518100000308692,occur_both
0518100000308875,occur_both
0518100000308989,occur_both
0518100000309030,occur_both
0518100000309078,occur_both
0518100000309160,occur_both
0518100000309277,occur_both
0518100000309321,occur_both
0518100000309467,occur_both
0518100000309500,occur_both
0518100000309517,occur_both
0518100000309524,occur_both
0518100000309836,occur_both
0518100000309896,occur_both
0518100000310324,occur_both
0518100000310600,occur_both
0518100000310681,occur_both
0518100000311394,occur_both
0518100000311792,occur_both
0518100000314101,occur_both
0518100000314549,occur_both
0518100000314686,occur_both
0518100000314866,occur_both
0518100000314914,occur_both
0518100000315046,occur_both
0518100000315060,occur_both
0518100000315159,occur_both
0518100000315295,occur_both
0518100000315308,occur_both
0518100000315310,occur_both
0518100000315372,occur_both
0518100000315396,occur_both
0518100000315433,occur_both
0518100000315435,occur_both
0518100000315537,occur_both
0518100000315553,occur_both
0518100000315557,occur_both
0518100000315650,occur_both
0518100000315796,occur_both
0518100000315842,occur_both
0518100000315854,occur_both
0518100000315882,occur_both
0518100000315977,occur_both
0518100000316038,occur_both
0518100000316039,occur_both
0518100000316072,occur_both
0518100000316101,occur_both
0518100000316201,occur_both
0518100000316245,occur_both
0518100000316254,occur_both
0518100000316274,occur_both
0518100000316374,occur_both
0518100000316380,occur_both
0518100000316413,occur_both
0518100000316583,occur_both
0518100000316606,occur_both
0518100000316620,occur_both
0518100000316633,occur_both
0518100000316670,occur_both
0518100000316690,occur_both
0518100000316707,occur_both
0518100000316732,occur_both
0518100000316831,occur_both
0518100000316877,occur_both
0518100000316952,occur_both
0518100000317004,occur_both
0518100000317076,occur_both
0518100000317123,occur_both
0518100000317135,occur_both
0518100000317139,occur_both
0518100000317149,occur_both
0518100000317182,occur_both
0518100000317196,occur_both
0518100000317226,occur_both
0518100000317258,occur_both
0518100000317272,occur_both
0518100000317273,occur_both
0518100000317301,occur_both
0518100000317363,occur_both
0518100000317364,occur_both
0518100000317383,occur_both
0518100000317384,occur_both
0518100000317389,occur_both
0518100000317476,occur_both
0518100000317489,occur_both
0518100000317521,occur_both
0518100000317567,occur_both
0518100000317571,occur_both
0518100000317596,occur_both
0518100000317621,occur_both
0518100000317676,occur_both
0518100000317685,occur_both
0518100000317688,occur_both
0518100000317706,occur_both
0518100000317810,occur_both
0518100000317836,occur_both
0518100000317838,occur_both
0518100000317845,occur_both
0518100000317859,occur_both
0518100000317875,occur_both
0518100000317884,occur_both
0518100000317885,occur_both
0518100000317901,occur_both
0518100000317911,occur_both
0518100000317927,occur_both
0518100000317953,occur_both
0518100000317970,occur_both
0518100000317994,occur_both
0518100000318084,occur_both
0518100000318123,occur_both
0518100000318137,occur_both
0518100000318174,occur_both
0518100000318253,occur_both
0518100000318303,occur_both
0518100000318360,occur_both
0518100000318396,occur_both
0518100000318420,occur_both
0518100000318479,occur_both
0518100000318492,occur_both
0518100000318516,occur_both
0518100000318531,occur_both
0518100000318654,occur_both
0518100000318717,occur_both
0518100000318726,occur_both
0518100000318734,occur_both
0518100000318735,occur_both
0518100000318801,occur_both
0518100000318803,occur_both
0518100000318818,occur_both
0518100000318846,occur_both
0518100000318938,occur_both
0518100000318939,occur_both
0518100000318952,occur_both
0518100000318954,occur_both
0518100000318969,occur_both
0518100000319038,occur_both
0518100000319079,occur_both
0518100000319121,occur_both
0518100000319230,occur_both
0518100000319238,occur_both
0518100000319305,occur_both
0518100000319351,occur_both
0518100000319360,occur_both
0518100000319365,occur_both
0518100000319456,occur_both
0518100000319469,occur_both
0518100000319477,occur_both
0518100000319501,occur_both
0518100000319518,occur_both
0518100000319575,occur_both
0518100000319634,occur_both
0518100000319659,occur_both
0518100000319660,occur_both
0518100000319661,occur_both
0518100000319669,occur_both
0518100000319673,occur_both
0518100000319713,occur_both
0518100000319752,occur_both
0518100000319753,occur_both
0518100000319780,occur_both
0518100000319781,occur_both
0518100000319782,occur_both
0518100000319805,occur_both
0518100000319814,occur_both
0518100000319816,occur_both
0518100000319893,occur_both
0518100000320021,occur_both
0518100000320039,occur_both
0518100000320079,occur_both
0518100000320086,occur_both
0518100000320106,occur_both
0518100000320150,occur_both
0518100000320151,occur_both
0518100000320162,occur_both
0518100000320179,occur_both
0518100000320191,occur_both
0518100000320250,occur_both
0518100000320284,occur_both
0518100000320287,occur_both
0518100000320303,occur_both
0518100000320311,occur_both
0518100000320329,occur_both
0518100000320340,occur_both
0518100000320354,occur_both
0518100000320381,occur_both
0518100000320385,occur_both
0518100000320441,occur_both
0518100000320471,occur_both
0518100000320479,occur_both
0518100000320485,occur_both
0518100000320564,occur_both
0518100000320579,occur_both
0518100000320620,occur_both
0518100000320636,occur_both
0518100000320681,occur_both
0518100000320859,occur_both
0518100000320860,occur_both
0518100000320894,occur_both
0518100000320909,occur_both
0518100000321045,occur_both
0518100000321068,occur_both
0518100000321098,occur_both
0518100000321100,occur_both
0518100000321146,occur_both
0518100000321155,occur_both
0518100000321166,occur_both
0518100000321189,occur_both
0518100000321218,occur_both
0518100000321246,occur_both
0518100000321257,occur_both
0518100000321258,occur_both
0518100000321292,occur_both
0518100000321312,occur_both
0518100000321336,occur_both
0518100000321338,occur_both
0518100000321391,occur_both
0518100000321515,occur_both
0518100000321545,occur_both
0518100000321552,occur_both
0518100000321607,occur_both
0518100000321627,occur_both
0518100000321645,occur_both
0518100000321665,occur_both
0518100000321717,occur_both
0518100000321747,occur_both
0518100000321753,occur_both
0518100000321773,occur_both
0518100000321810,occur_both
0518100000321820,occur_both
0518100000321822,occur_both
0518100000321833,occur_both
0518100000321863,occur_both
0518100000321916,occur_both
0518100000321920,occur_both
0518100000321933,occur_both
0518100000322037,occur_both
0518100000322047,occur_both
0518100000322051,occur_both
0518100000322079,occur_both
0518100000322128,occur_both
0518100000322136,occur_both
0518100000322378,occur_both
0518100000322394,occur_both
0518100000322407,occur_both
0518100000322461,occur_both
0518100000322462,occur_both
0518100000322554,occur_both
0518100000322655,occur_both
0518100000322663,occur_both
0518100000322701,occur_both
0518100000322704,occur_both
0518100000322803,occur_both
0518100000322846,occur_both
0518100000322863,occur_both
0518100000322895,occur_both
0518100000323023,occur_both
0518100000323051,occur_both
0518100000323055,occur_both
0518100000323081,occur_both
0518100000323085,occur_both
0518100000323092,occur_both
0518100000323126,occur_both
0518100000323200,occur_both
0518100000323277,occur_both
0518100000323431,occur_both
0518100000323499,occur_both
0518100000323534,occur_both
0518100000323588,occur_both
0518100000323595,occur_both
0518100000323620,occur_both
0518100000323629,occur_both
0518100000323640,occur_both
0518100000323641,occur_both
0518100000323689,occur_both
0518100000323735,occur_both
0518100000323801,occur_both
0518100000323823,occur_both
0518100000323855,occur_both
0518100000323856,occur_both
0518100000323868,occur_both
0518100000323897,occur_both
0518100000323917,occur_both
0518100000323964,occur_both
0518100000323965,occur_both
0518100000323972,occur_both
0518100000323998,occur_both
0518100000324022,occur_both
0518100000324070,occur_both
0518100000324088,occur_both
0518100000324089,occur_both
0518100000324106,occur_both
0518100000324123,occur_both
0518100000324124,occur_both
0518100000324149,occur_both
0518100000324179,occur_both
0518100000324196,occur_both
0518100000324265,occur_both
0518100000324306,occur_both
0518100000324477,occur_both
0518100000324479,occur_both
0518100000324526,occur_both
0518100000324568,occur_both
0518100000324598,occur_both
0518100000324645,occur_both
0518100000324646,occur_both
0518100000324655,occur_both
0518100000324668,occur_both
0518100000324682,occur_both
0518100000324722,occur_both
0518100000324739,occur_both
0518100000324741,occur_both
0518100000324811,occur_both
0518100000324881,occur_both
0518100000324975,occur_both
0518100000324983,occur_both
0518100000325011,occur_both
0518100000325041,occur_both
0518100000325048,occur_both
0518100000325151,occur_both
0518100000325171,occur_both
0518100000325314,occur_both
0518100000325356,occur_both
0518100000325362,occur_both
0518100000325404,occur_both
0518100000325473,occur_both
0518100000325474,occur_both
0518100000325481,occur_both
0518100000325580,occur_both
0518100000325612,occur_both
0518100000325629,occur_both
0518100000325642,occur_both
0518100000325707,occur_both
0518100000325709,occur_both
0518100000325721,occur_both
0518100000325736,occur_both
0518100000325741,occur_both
0518100000325783,occur_both
0518100000325786,occur_both
0518100000325816,occur_both
0518100000325837,occur_both
0518100000325908,occur_both
0518100000326144,occur_both
0518100000326223,occur_both
0518100000326407,occur_both
0518100000326443,occur_both
0518100000326502,occur_both
0518100000326515,occur_both
0518100000326516,occur_both
0518100000326523,occur_both
0518100000326552,occur_both
0518100000326614,occur_both
0518100000326628,occur_both
0518100000326674,occur_both
0518100000326750,occur_both
0518100000326751,occur_both
0518100000326758,occur_both
0518100000326765,occur_both
0518100000326922,occur_both
0518100000326949,occur_both
0518100000327055,occur_both
0518100000327137,occur_both
0518100000327139,occur_both
0518100000327389,occur_both
0518100000327408,occur_both
0518100000327419,occur_both
0518100000327469,occur_both
0518100000327513,occur_both
0518100000327609,occur_both
0518100000327731,occur_both
0518100000327767,occur_both
0518100000327791,occur_both
0518100000327792,occur_both
0518100000327881,occur_both
0518100000328046,occur_both
0518100000328083,occur_both
0518100000328089,occur_both
0518100000328182,occur_both
0518100000328217,occur_both
0518100000328220,occur_both
0518100000328221,occur_both
0518100000328586,occur_both
0518100000328740,occur_both
0518100000328954,occur_both
0518100000329839,occur_both
0518100000329872,occur_both
0518100000333597,occur_both
0518100000333616,occur_both
0518100000333859,occur_both
0518100000333871,occur_both
0518100000333928,occur_both
0518100000334004,occur_both
0518100000334019,occur_both
0518100000334051,occur_both
0518100000334080,occur_both
0518100000334106,occur_both
0518100000334124,occur_both
0518100000334125,occur_both
0518100000334228,occur_both
0518100000334273,occur_both
0518100000334317,occur_both
0518100000334331,occur_both
0518100000334382,occur_both
0518100000334398,occur_both
0518100000334478,occur_both
0518100000334588,occur_both
0518100000334602,occur_both
0518100000334615,occur_both
0518100000334624,occur_both
0518100000334801,occur_both
0518100000334824,occur_both
0518100000334885,occur_both
0518100000334905,occur_both
0518100000334962,occur_both
0518100000334968,occur_both
0518100000335022,occur_both
0518100000335030,occur_both
0518100000335051,occur_both
0518100000335103,occur_both
0518100000335199,occur_both
0518100000335219,occur_both
0518100000335284,occur_both
0518100000335305,occur_both
0518100000335343,occur_both
0518100000335362,occur_both
0518100000335370,occur_both
0518100000335413,occur_both
0518100000335532,occur_both
0518100000335535,occur_both
0518100000335657,occur_both
0518100000335734,occur_both
0518100000335817,occur_both
0518100000335829,occur_both
0518100000335876,occur_both
0518100000335919,occur_both
0518100000336003,occur_both
0518100000336085,occur_both
0518100000336166,occur_both
0518100000336227,occur_both
0518100000336279,occur_both
0518100000336295,occur_both
0518100000336306,occur_both
0518100000336345,occur_both
0518100000336369,occur_both
0518100000336393,occur_both
0518100000336414,occur_both
0518100000336422,occur_both
0518100000336510,occur_both
0518100000336534,occur_both
0518100000336602,occur_both
0518100000336649,occur_both
0518100000336738,occur_both
0518100000336745,occur_both
0518100000336752,occur_both
0518100000336763,occur_both
0518100000336766,occur_both
0518100000336767,occur_both
0518100000336829,occur_both
0518100000336977,occur_both
0518100000336989,occur_both
0518100000336995,occur_both
0518100000336999,occur_both
0518100000337027,occur_both
0518100000337034,occur_both
0518100000337064,occur_both
0518100000337084,occur_both
0518100000337087,occur_both
0518100000337088,occur_both
0518100000337110,occur_both
0518100000337115,occur_both
0518100000337131,occur_both
0518100000337134,occur_both
0518100000337168,occur_both
0518100000337176,occur_both
0518100000337182,occur_both
0518100000337211,occur_both
0518100000337277,occur_both
0518100000337314,occur_both
0518100000337347,occur_both
0518100000337359,occur_both
0518100000337360,occur_both
0518100000337368,occur_both
0518100000337447,occur_both
0518100000337451,occur_both
0518100000337468,occur_both
0518100000337512,occur_both
0518100000337571,occur_both
0518100000337572,occur_both
0518100000337627,occur_both
0518100000337628,occur_both
0518100000337693,occur_both
0518100000337725,occur_both
0518100000337765,occur_both
0518100000337805,occur_both
0518100000337859,occur_both
0518100000337879,occur_both
0518100000337974,occur_both
0518100000337986,occur_both
0518100000337987,occur_both
0518100000337998,occur_both
0518100000338000,occur_both
0518100000338075,occur_both
0518100000338077,occur_both
0518100000338163,occur_both
0518100000338293,occur_both
0518100000338304,occur_both
0518100000338370,occur_both
0518100000338482,occur_both
0518100000338500,occur_both
0518100000338508,occur_both
0518100000338523,occur_both
0518100000338559,occur_both
0518100000338562,occur_both
0518100000338668,occur_both
0518100000338736,occur_both
0518100000338741,occur_both
0518100000338743,occur_both
0518100000338750,occur_both
0518100000338797,occur_both
0518100000338798,occur_both
0518100000338802,occur_both
0518100000338805,occur_both
0518100000338821,occur_both
0518100000338834,occur_both
0518100000338897,occur_both
0518100000338908,occur_both
0518100000338946,occur_both
0518100000338998,occur_both
0518100000339003,occur_both
0518100000339027,occur_both
0518100000339029,occur_both
0518100000339048,occur_both
0518100000339121,occur_both
0518100000339122,occur_both
0518100000339125,occur_both
0518100000339152,occur_both
0518100000339160,occur_both
0518100000339161,occur_both
0518100000339162,occur_both
0518100000339315,occur_both
0518100000339325,occur_both
0518100000339331,occur_both
0518100000339346,occur_both
0518100000339351,occur_both
0518100000339397,occur_both
0518100000339442,occur_both
0518100000339443,occur_both
0518100000339445,occur_both
0518100000339446,occur_both
0518100000339478,occur_both
0518100000339481,occur_both
0518100000339523,occur_both
0518100000339555,occur_both
0518100000339556,occur_both
0518100000339573,occur_both
0518100000339583,occur_both
0518100000339641,occur_both
0518100000339643,occur_both
0518100000339660,occur_both
0518100000339710,occur_both
0518100000339725,occur_both
0518100000339757,occur_both
0518100000339764,occur_both
0518100000339765,occur_both
0518100000339785,occur_both
0518100000339845,occur_both
0518100000339981,occur_both
0518100000340028,occur_both
0518100000340162,occur_both
0518100000340170,occur_both
0518100000340196,occur_both
0518100000340213,occur_both
0518100000340262,occur_both
0518100000340320,occur_both
0518100000340407,occur_both
0518100000340434,occur_both
0518100000340459,occur_both
0518100000340504,occur_both
0518100000340564,occur_both
0518100000340608,occur_both
0518100000340658,occur_both
0518100000340677,occur_both
0518100000340700,occur_both
0518100000340715,occur_both
0518100000340743,occur_both
0518100000340770,occur_both
0518100000340786,occur_both
0518100000340827,occur_both
0518100000340865,occur_both
0518100000340881,occur_both
0518100000340893,occur_both
0518100000340895,occur_both
0518100000340904,occur_both
0518100000340936,occur_both
0518100000341144,occur_both
0518100000341162,occur_both
0518100000341204,occur_both
0518100000341254,occur_both
0518100000341280,occur_both
0518100000341291,occur_both
0518100000341292,occur_both
0518100000341338,occur_both
0518100000341359,occur_both
0518100000341426,occur_both
0518100000341484,occur_both
0518100000341507,occur_both
0518100000341521,occur_both
0518100000341537,occur_both
0518100000341561,occur_both
0518100000341589,occur_both
0518100000341611,occur_both
0518100000341672,occur_both
0518100000341680,occur_both
0518100000341682,occur_both
0518100000341683,occur_both
0518100000341684,occur_both
0518100000341689,occur_both
0518100000341703,occur_both
0518100000341704,occur_both
0518100000341714,occur_both
0518100000341732,occur_both
0518100000341823,occur_both
0518100000341900,occur_both
0518100000341931,occur_both
0518100000341981,occur_both
0518100000342007,occur_both
0518100000342015,occur_both
0518100000342031,occur_both
0518100000342045,occur_both
0518100000342119,occur_both
0518100000342253,occur_both
0518100000342254,occur_both
0518100000342280,occur_both
0518100000342297,occur_both
0518100000342325,occur_both
0518100000342338,occur_both
0518100000342407,occur_both
0518100000342409,occur_both
0518100000342472,occur_both
0518100000342473,occur_both
0518100000342532,occur_both
0518100000342581,occur_both
0518100000342595,occur_both
0518100000342600,occur_both
0518100000342606,occur_both
0518100000342610,occur_both
0518100000342624,occur_both
0518100000342718,occur_both
0518100000342740,occur_both
0518100000342782,occur_both
0518100000342803,occur_both
0518100000342918,occur_both
0518100000342971,occur_both
0518100000342980,occur_both
0518100000343101,occur_both
0518100000343110,occur_both
0518100000343204,occur_both
0518100000343268,occur_both
0518100000343284,occur_both
0518100000343328,occur_both
0518100000343471,occur_both
0518100000343537,occur_both
0518100000343568,occur_both
0518100000343570,occur_both
0518100000343584,occur_both
0518100000343600,occur_both
0518100000343602,occur_both
0518100000343607,occur_both
0518100000343609,occur_both
0518100000343670,occur_both
0518100000343786,occur_both
0518100000343798,occur_both
0518100000343958,occur_both
0518100000343999,occur_both
0518100000344056,occur_both
0518100000344085,occur_both
0518100000344131,occur_both
0518100000344213,occur_both
0518100000344219,occur_both
0518100000344262,occur_both
0518100000344318,occur_both
0518100000344350,occur_both
0518100000344462,occur_both
0518100000344475,occur_both
0518100000344476,occur_both
0518100000344481,occur_both
0518100000344516,occur_both
0518100000344517,occur_both
0518100000344547,occur_both
0518100000344586,occur_both
0518100000344637,occur_both
0518100000344648,occur_both
0518100000344716,occur_both
0518100000344718,occur_both
0518100000344808,occur_both
0518100000344831,occur_both
0518100000344841,occur_both
0518100000344869,occur_both
0518100000344870,occur_both
0518100000344917,occur_both
0518100000344929,occur_both
0518100000344946,occur_both
0518100000345015,occur_both
0518100000345072,occur_both
0518100000345076,occur_both
0518100000345160,occur_both
0518100000345172,occur_both
0518100000345198,occur_both
0518100000345207,occur_both
0518100000345301,occur_both
0518100000345303,occur_both
0518100000345370,occur_both
0518100000345427,occur_both
0518100000345460,occur_both
0518100000345496,occur_both
0518100000345514,occur_both
0518100000345557,occur_both
0518100000345579,occur_both
0518100000345580,occur_both
0518100000345673,occur_both
0518100000345708,occur_both
0518100000345726,occur_both
0518100000345771,occur_both
0518100000345802,occur_both
0518100000345881,occur_both
0518100000345884,occur_both
0518100000345885,occur_both
0518100000345912,occur_both
0518100000345931,occur_both
0518100000345937,occur_both
0518100000345938,occur_both
0518100000345946,occur_both
0518100000345956,occur_both
0518100000345958,occur_both
0518100000345994,occur_both
0518100000346051,occur_both
0518100000346052,occur_both
0518100000346060,occur_both
0518100000346081,occur_both
0518100000346293,occur_both
0518100000346346,occur_both
0518100000346370,occur_both
0518100000346440,occur_both
0518100000346445,occur_both
0518100000346577,occur_both
0518100000346578,occur_both
0518100000346773,occur_both
0518100000346774,occur_both
0518100000346892,occur_both
0518100000347046,occur_both
0518100000347086,occur_both
0518100000347201,occur_both
0518100000347248,occur_both
0518100000347250,occur_both
0518100000347267,occur_both
0518100000347531,occur_both
0518100000347606,occur_both
0518100000347621,occur_both
0518100000347684,occur_both
0518100000347729,occur_both
0518100000347981,occur_both
0518100000348281,occur_both
0518100000348656,occur_both
0518100000348853,occur_both
0518100000348854,occur_both
0518100000349753,occur_both
0518100000352169,occur_both
0518100000352210,occur_both
0518100000352335,occur_both
0518100000352376,occur_both
0518100000352387,occur_both
0518100000352547,occur_both
0518100000352648,occur_both
0518100000352649,occur_both
0518100000352727,occur_both
0518100000352766,occur_both
0518100000352833,occur_both
0518100000352926,occur_both
0518100000353032,occur_both
0518100000353148,occur_both
0518100000353158,occur_both
0518100000353223,occur_both
0518100000353233,occur_both
0518100000353518,occur_both
0518100000353587,occur_both
0518100000353648,occur_both
0518100000353702,occur_both
0518100000353747,occur_both
0518100000353768,occur_both
0518100000353873,occur_both
0518100000353961,occur_both
0518100000354053,occur_both
0518100000354094,occur_both
0518100000354116,occur_both
0518100000354142,occur_both
0518100000354164,occur_both
0518100000354221,occur_both
0518100000354358,occur_both
0518100000354376,occur_both
0518100000354449,occur_both
0518100000354453,occur_both
0518100000354477,occur_both
0518100000354492,occur_both
0518100000354539,occur_both
0518100000354570,occur_both
0518100000354586,occur_both
0518100000354627,occur_both
0518100000354753,occur_both
0518100000354780,occur_both
0518100000354803,occur_both
0518100000354833,occur_both
0518100000354852,occur_both
0518100000354858,occur_both
0518100000354899,occur_both
0518100000354989,occur_both
0518100000355018,occur_both
0518100000355065,occur_both
0518100000355077,occur_both
0518100001629618,occur_both
0518100001629794,occur_both
0518100001631366,occur_both
0518100001631912,occur_both
0518100001637385,occur_both
0518100001637388,occur_both
0518100001638931,occur_both
0518100001638935,occur_both
0518100001639021,occur_both
0518100001639733,occur_both
0518100001639992,occur_both
0518100001639995,occur_both
0518100001639996,occur_both
0518100001640001,occur_both
0518100001640004,occur_both
0518100001640008,occur_both
0518100001640014,occur_both
0518100001640022,occur_both
0518100001640023,occur_both
0518100001640025,occur_both
0518100001640047,occur_both
0518100001640091,occur_both
0518100001640092,occur_both
0518100001640093,occur_both
0518100001640096,occur_both
0518100001640156,occur_both
0518100001640158,occur_both
0518100001640265,occur_both
0518100001640440,occur_both
0518100001640443,occur_both
0518100001640444,occur_both
0518100001640446,occur_both
0518100001640447,occur_both
0518100001640448,occur_both
0518100001640495,occur_both
0518100001640527,occur_both
0518100001640548,occur_both
0518100001640602,occur_both
0518100001640688,occur_both
0518100001640882,occur_both
0518100001641118,occur_both
0518100001641326,occur_both
0518100001641690,occur_both
0518100001641693,occur_both
0518100001642742,occur_both
0518100001644866,occur_both
0518100001644881,occur_both
0518100001644882,occur_both
0518100001644883,occur_both
0518100001645169,occur_both
0518100001645176,occur_both
0518100001646107,occur_both
0518100001648522,occur_both
0518100001657097,occur_both
0518100001658516,occur_both
0518100001658517,occur_both
0518100001658518,occur_both
0518100001658519,occur_both
0518100001670570,occur_both
0518100001677434,occur_both
0518100001737472,occur_both
0518100001746008,occur_both
0518100001746013,occur_both
0518100001746027,occur_both
0518100001746028,occur_both
0518100001748310,occur_both
0518100001749098,occur_both
0518100001751533,occur_both
0518100001751534,occur_both
0518100001752695,occur_both
0518100001753613,occur_both
0518100001754001,occur_both
0518100001754002,occur_both
0518100001754656,occur_both
0518100001757307,occur_both
0518100001757712,occur_both
0518100001757730,occur_both
0518100001757731,occur_both
0518100001757732,occur_both
0518100001764160,occur_both
0518100001765116,occur_both
0518100001766678,occur_both
0518100001770458,occur_both
0518100001770860,occur_both
0518100001774908,occur_both
0518100001774909,occur_both
0518100001777530,occur_both
0518100001778107,occur_both
0518100000203814,occur_in_file2
0518100000207062,occur_in_file2
0518100000207063,occur_in_file2
0518100000208253,occur_in_file2
0518100000209746,occur_in_file2
0518100000216701,occur_in_file2
0518100000216702,occur_in_file2
0518100000216703,occur_in_file2
0518100000219250,occur_in_file2
0518100000220087,occur_in_file2
0518100000220473,occur_in_file2
0518100000225674,occur_in_file2
0518100000225675,occur_in_file2
0518100000228723,occur_in_file2
0518100000232627,occur_in_file2
0518100000232812,occur_in_file2
0518100000232813,occur_in_file2
0518100000233155,occur_in_file2
0518100000236836,occur_in_file2
0518100000236837,occur_in_file2
0518100000237400,occur_in_file2
0518100000237593,occur_in_file2
0518100000237787,occur_in_file2
0518100000240394,occur_in_file2
0518100000260088,occur_in_file2
0518100000276244,occur_in_file2
0518100000280704,occur_in_file2
0518100000281194,occur_in_file2
0518100000281907,occur_in_file2
0518100000282351,occur_in_file2
0518100000282933,occur_in_file2
0518100000282934,occur_in_file2
0518100000284541,occur_in_file2
0518100000285310,occur_in_file2
0518100000287551,occur_in_file2
0518100000291560,occur_in_file2
0518100000299165,occur_in_file2
0518100000302165,occur_in_file2
0518100000302992,occur_in_file2
0518100000314685,occur_in_file2
0518100000315356,occur_in_file2
0518100000319049,occur_in_file2
0518100000323325,occur_in_file2
0518100000335268,occur_in_file2
0518100000336269,occur_in_file2
0518100000336377,occur_in_file2
0518100000336378,occur_in_file2
0518100000338840,occur_in_file2
0518100000339650,occur_in_file2
0518100000339651,occur_in_file2
0518100000341767,occur_in_file2
0518100000342744,occur_in_file2
0518100000343476,occur_in_file2
0518100000344811,occur_in_file2
0518100000346686,occur_in_file2
0518100001640218,occur_in_file2
0518100001640662,occur_in_file2
